{
	"$schema": "https://biomejs.dev/schemas/1.9.4/schema.json",
	"files": {
		"ignore": ["examples/**/*"]
	},
	"vcs": {
		"clientKind": "git",
		"enabled": true,
		"useIgnoreFile": true,
		"defaultBranch": "main"
	},
	"javascript": {
		"formatter": {
			"arrowParentheses": "always",
			"attributePosition": "auto",
			"bracketSameLine": false,
			"bracketSpacing": true,
			"jsxQuoteStyle": "double",
			"quoteProperties": "asNeeded",
			"quoteStyle": "single",
			"semicolons": "always",
			"trailingCommas": "es5"
		},
		"parser": {
			"unsafeParameterDecoratorsEnabled": true
		}
	},
  "formatter": {
    "enabled": true,
    "indentStyle": "space",
    "indentWidth": 2,
    "lineWidth": 100
  },
  "linter": {
    "enabled": true,
    "rules": {
      "recommended": true
    }
  }
}
